alternative,set1,set2,set3,set4
cat,0.38388900191144,0.203736017355831,0.261122833525177,0.151252147207552
cheetah,0.559999255959194,0.3379202436014,0.057128891110179,0.0449516093292268
dog,0.331160416945463,0.242458420061747,0.219521350570526,0.206859812422264
jaguar,0.576341963951271,0.313576816288061,0.0612003658946699,0.0488808538659982
man,0.174045073107145,0.298781701699582,0.17295547201779,0.354217753175483
rabbit,0.45563322745094,0.254447634911194,0.205390947223361,0.0845281904145049
