alternative,set1,set2,set3,set4
cat,0.217353987609494,0.412677332098454,0.159177866801501,0.21079081349055
dog,0.286767354447768,0.279947765134009,0.216545542812038,0.216739337606185
elephant,0.481965833407515,0.0528522064238373,0.429342914869454,0.0358390452991937
man,0.237430432820054,0.262213037283224,0.291546970848234,0.208809559048488
panda,0.554582678774697,0.166014245831747,0.20709129678792,0.0723117786056361
whale,0.426922806670128,0.0678683874153869,0.414493433585556,0.0907153723289285
