dimension,animal,0,1,2,3,4,5,6,7,8,9
weight,animalA,0.536260708084933,0.258905119455233,0.0540259993885453,0.038898567998987,0.031865192036153,0.021766059588123,0.0220938825020947,0.017559835917681,0.01263239701822,0.00599223800996
weight,animalB,0.0151946926075433,0.0225916396726337,0.0322757021291367,0.036245239058414,0.0439219176528107,0.0487360237276323,0.0623274468850367,0.104543363204844,0.415349573514332,0.218814401547509
weight,man,0.008442112435133,0.033886558319676,0.07570437419588,0.113938707430203,0.15562964200941,0.178586353401867,0.175455778594023,0.147148214448303,0.106182238102743,0.005026021062748
weight,woman,0.00268880957060967,0.09555471248335,0.16524644318164,0.1769125620819,0.16414176220851,0.13880785555072,0.112164134334393,0.0893650538296733,0.054188426420753,0.000930240338364333
