dimension,animal,0,1,2,3,4,5,6,7,8,9
height,animalA,0.205810960034787,0.458766168805167,0.145350577233808,0.083623728540052,0.0425689469496057,0.031448137596977,0.006251511937344,0.0103438381156437,0.00894443804051267,0.006891692746014
height,animalB,0.0105799999930897,0.018882016250192,0.0273339431278523,0.0399459523137403,0.0563239641838323,0.072446778529327,0.09359340710608,0.14108672130692,0.265113243259273,0.274693973929906
height,man,0.00466584651275533,0.0256393467368847,0.055110737963629,0.0857493009542357,0.15851605077849,0.275003998648351,0.207387504980247,0.10909237227593,0.0604353422593143,0.0183994988903297
height,woman,0.008093452863883,0.04065836891396,0.100889918421187,0.168045813088943,0.287079538841867,0.2272221608992,0.0925271982385433,0.049719152114149,0.0195911356449417,0.00617326097329267
