dimension,animal,0,1,2,3,4,5,6,7,8,9
speed,animalA,0.471321580972,0.320479211884384,0.102094320911577,0.0371106414013783,0.018758892985418,0.0163937191101723,0.0129094132369433,0.0102423376868027,0.00528287277537933,0.00540700903592333
speed,animalB,0.0474271137031097,0.0540927452664767,0.058581191268784,0.059961135667886,0.062919858450124,0.0666201793971333,0.0740292091516873,0.119858864657327,0.279698500329703,0.176811202107631
speed,man,0.0692925512364423,0.153389251334603,0.164912741068333,0.16471019646636,0.126475994314087,0.102881751320657,0.0813287333178603,0.0752116301026433,0.0456354602147027,0.0161616906241867
speed,woman,0.070361131255806,0.154514100674333,0.181532011822487,0.169249442019243,0.144015808486637,0.110163460734857,0.0848252399126637,0.0678437134865957,0.0152574575234293,0.00223763408401833
